--
-- Déchargement des données de la table `adherent`
--

INSERT INTO `adherent` (`login`, `mdp`, `nomAdherent`, `prenomAdherent`, `email`, `telephone`) VALUES
('drop', 'england', 'Wilkinson', 'Johnny', 'johnny.wilkinson@yopmail.com', '07.20.99.45.23'),
('goat', 'rugby!', 'Lomu', 'Jonah', 'jonah.lomu@yopmail.com', '06.57.66.12.31'),
('groloulou', 'gaillac', 'Moscato', 'Vincent', 'vincent.moscato@yopmail.com', '06.11.34.07.28'),
('lafleche', 'abcdefg', 'Sella', 'Philippe', 'philippe.sella@yopmail.com', '06.77.45.22.74'),
('speedy', 'azerty', 'Dupont', 'Antoine', 'antoine.dupont@yopmail.com', '06.22.56.21.78'),
('thebest', '12345', 'Chabal', 'Sébastien', 'sebastien.chabal@yopmail.com', '07.88.51.12.00');

-- --------------------------------------------------------
--
-- Déchargement des données de la table `etat`
--

INSERT INTO `etat` (`numEtat`, `nomEtat`) VALUES
(1, 'neuf'),
(2, 'bon'),
(3, 'moyen'),
(4, 'dégradé'),
(5, 'à changer');

-- --------------------------------------------------------
--
-- Déchargement des données de la table `categorie`
--

INSERT INTO `categorie` (`numCategorie`, `nomCategorie`, `descriptif`) VALUES
(1, 'historique', 'BD relatant des histoires documentées et passées, parfois romancées, souvent basées sur des faits historiques'),
(2, 'western', 'On y retrouve les mêmes éléments que dans les films du même genre. Cow-boys, Indiens, shérifs, saloons, Ouest américain, colts et stetsons en font partie intégrante.'),
(3, 'science-fiction', 'Genre qui mélange réalité et fiction, avec pour thèmes les extra-terrestres, les robots, les cyborgs, les voyages stellaires ou encore les voyages dans le temps.'),
(4, 'aventure', 'C\'est un genre qui met l\'accent sur l\'action, le voyage, et, comme son nom l\'indique, l\'aventure !'),
(5, 'manga', 'Les mangas sont souvent en noir et blanc. Leur format diffère de celui de la BD occidentale. Ils ressemblent à des livres de poche et se lisent le plus souvent de droite à gauche.'),
(6, 'heroic fantasy', 'Ces récits héroïques mettent en scène des héros, qui sont souvent plusieurs, notamment lors d\'aventures en forme de quêtes.'),
(7, 'humoristique', 'Les auteurs de ce genre déploient le comique de situation, la parodie, l\'autodérision, l\'humour noir, le délire.'),
(8, 'thriller', 'Les BD thriller reprennent les éléments des romans polar : un crime ou un délit, une enquête, un ou des coupables, une ou des victimes et un enquêteur.');

-- --------------------------------------------------------
--
-- Déchargement des données de la table `nationalite`
--

INSERT INTO `nationalite` (`numNationalite`, `nomNationalite`, `nomAbrege`) VALUES
(1, 'France', 'FRA'),
(2, 'Belgique', 'BEL'),
(3, 'Pologne', 'POL'),
(4, 'Etats-Unis', 'USA'),
(5, 'Suisse', 'SUI'),
(6, 'Japon', 'JPN'),
(7, 'Espagne', 'ESP'),
(8, 'Italie', 'ITA'),
(9, 'Russie', 'RUS'),
(10, 'Serbie', 'SRB');

-- --------------------------------------------------------
--
-- Déchargement des données de la table `auteur`
--

INSERT INTO `auteur` (`numAuteur`, `nomAuteur`, `prenomAuteur`, `nationalite`) VALUES
(1, 'Goscinny', 'René', 1),
(2, 'Uderzo', 'Albert', 1),
(3, 'Hergé', '', 2),
(4, 'Martin', 'Jacques', 1),
(5, 'Charlier', 'Jean-Michel', 2),
(6, 'Giraud', 'Jean', 1),
(7, 'Rosinski', 'Gregorz', 3),
(8, 'Van Hamme', 'Jean', 2),
(9, 'Vance', 'William', 2),
(10, 'Franquin', 'André', 2),
(11, 'ZEP', '', 5),
(12, 'Francq', 'Philippe', 2),
(13, 'Tome', 'Philippe', 2),
(14, 'Gazzotti', 'Bruno', 2),
(15, 'Lambil', 'Willy', 2),
(16, 'Cauvin', 'Raoul', 2),
(17, 'Warnant', 'Luc', 2),
(18, 'Gaiman', 'Neil', 4),
(19, 'Yamada', 'Kanehito', 6),
(20, 'Abe', 'Tsukasa', 6),
(21, 'Denayer', 'Christian', 2),
(22, 'Giménez', 'Carlos', 7),
(23, 'Ferri', 'Jean-Yves', 1),
(24, 'Conrad', 'Didier', 1),
(25, 'Sente', 'Yves', 2),
(26, 'Dorison', 'Xavier', 1),
(27, 'Balac', 'Yann', 1),
(28, 'Vignaux', 'Fred', 1),
(29, 'Swolfs', 'Yves', 2),
(30, 'Girod', 'Thierry', 1),
(31, 'Iko', '', 8),
(32, 'Secher', 'Reynald', 1),
(33, 'Pleyers', 'Jean', 2),
(34, 'Arleston', 'Christophe', 1),
(35, 'Tarquin', 'Didier', 1),
(36, 'Runberg', 'Sylvain', 1),
(37, 'Pellé', 'Serge', 1),
(38, 'Salvérius', 'Louis', 2),
(39, 'Peyo', '', 2),
(40, 'Jigounov', 'Iouri', 9),
(41, 'Giacometti', 'Eric', 1),
(42, 'Cailleteau', 'Thierry', 1),
(43, 'Collignon', 'Stéphane', 1),
(44, 'Ange', '', 1),
(45, 'Montaigne', 'Thimothée', 1),
(46, 'Pellerin', 'Patrice', 1),
(47, 'Cothias', 'Patrick', 1),
(48, 'Juillard', 'André', 1),
(49, 'Jovanovic', 'Milan', 10);

-- --------------------------------------------------------
--
-- Déchargement des données de la table `serie`
--

INSERT INTO `serie` (`numSerie`, `nomSerie`, `categorie`) VALUES
(1, 'Astérix', 7),
(2, 'Tintin', 4),
(3, 'Thorgal', 6),
(4, 'Blueberry', 2),
(5, 'Durango', 2),
(6, 'Histoire de France', 1),
(7, 'Lanfeust de Troy', 6),
(8, 'Orbital', 3),
(9, 'Frieren', 5),
(10, 'Les tuniques bleues', 7),
(11, 'Johan et Pirlouit', 7),
(12, 'XIII', 8),
(13, 'Largo winch', 4),
(14, 'Soda', 7),
(15, 'Wayne Shelton', 8),
(16, 'Titeuf', 7),
(17, 'Légende', 6),
(18, 'Le prince de la nuit', 6),
(19, 'L\'épervier', 4),
(20, 'Les 7 vies de l\'épervier', 1),
(21, 'Jhen', 4);

-- --------------------------------------------------------
--
-- Déchargement des données de la table `bd`
--

INSERT INTO `bd` (`numBD`, `titre`, `anneeParution`, `serie`, `rang`, `etat`, `emprunteur`) VALUES
(1, 'Astérix le gaulois', 1961, 1, 1, 1, 'thebest'),
(2, 'La serpe d\'or', 1962, 1, 2, 1, NULL),
(3, 'Astérix et les goths', 1963, 1, 3, 2, NULL),
(4, 'Astérix gladiateur', 1964, 1, 4, 2, NULL),
(5, 'Le tour de Gaule d\'Astérix', 1965, 1, 5, 3, 'lafleche'),
(6, 'Astérix et Cléopâtre', 1965, 1, 6, 1, NULL),
(7, 'Le combat des chefs', 1966, 1, 7, 4, NULL),
(8, 'Astérix chez les bretons', 1966, 1, 8, 2, NULL),
(9, 'Astérix et les normands', 1967, 1, 9, 5, NULL),
(10, 'Astérix légionnaire', 1967, 1, 10, 1, NULL),
(11, 'Le bouclier arverne', 1968, 1, 11, 2, NULL),
(12, 'Astérix aux jeux olympiques', 1968, 1, 12, 1, NULL),
(13, 'Astérix et le chaudron', 1969, 1, 13, 2, NULL),
(14, 'Astérix en Hispanie', 1969, 1, 14, 2, NULL),
(15, 'La zizanie', 1970, 1, 15, 5, NULL),
(16, 'Astérix chez les helvètes', 1970, 1, 16, 4, NULL),
(17, 'Le domaine des dieux', 1971, 1, 17, 3, NULL),
(18, 'Les lauriers de César', 1972, 1, 18, 2, NULL),
(19, 'Le devin', 1972, 1, 19, 1, NULL),
(20, 'Astérix en Corse', 1973, 1, 20, 1, NULL),
(21, 'Le cadeau de César', 1974, 1, 21, 2, NULL),
(22, 'La grande traversée', 1975, 1, 22, 5, NULL),
(23, 'Obélix et compagnie', 1976, 1, 23, 1, NULL),
(24, 'Astérix chez les belges', 1979, 1, 24, 2, NULL),
(25, 'Le grand fossé', 1980, 1, 25, 1, NULL),
(26, 'L\'odyssée d\'Astérix', 1981, 1, 26, 2, NULL),
(27, 'Le fils d\'Astérix', 1983, 1, 27, 2, NULL),
(28, 'Astérix chez Rahazade', 1987, 1, 28, 5, NULL),
(29, 'La rose et le glaive', 1991, 1, 29, 4, NULL),
(30, 'La galère d\'Obélix', 1996, 1, 30, 1, NULL),
(31, 'Astérix et Latraviata', 2001, 1, 31, 1, NULL),
(32, 'Astérix et la rentrée gauloise', 2003, 1, 32, 2, NULL),
(33, 'Le ciel lui tombe sur la tête', 2005, 1, 33, 2, NULL),
(34, 'L\'anniversaire d\'Astérix et Obélix', 2009, 1, 34, 3, NULL),
(35, 'Astérix chez les pictes', 2013, 1, 35, 1, NULL),
(36, 'Le papyrus de César', 2015, 1, 36, 4, NULL),
(37, 'Astérix et la transitalique', 2017, 1, 37, 2, NULL),
(38, 'La fille de Vercingétorix', 2019, 1, 38, 5, NULL),
(39, 'Astérix et le griffon', 2021, 1, 39, 2, NULL),
(40, 'Tintin au pays des soviets', 1930, 2, 1, 3, NULL),
(41, 'Tintin au Congo', 1931, 2, 2, 2, NULL),
(42, 'Tintin en Amérique', 1932, 2, 3, 1, NULL),
(43, 'Les cigares du pharaon', 1934, 2, 4, 1, NULL),
(44, 'Le lotus bleu', 1936, 2, 5, 2, NULL),
(45, 'L\'oreille cassée', 1937, 2, 6, 5, NULL),
(46, 'L\'île noire', 1938, 2, 7, 1, NULL),
(47, 'Le sceptre d\'Ottokar', 1939, 2, 8, 2, NULL),
(48, 'Le crabe aux pinces d\'or', 1941, 2, 9, 1, NULL),
(49, 'L\'étoile mystérieuse', 1942, 2, 10, 2, NULL),
(50, 'Le secret de la Licorne', 1943, 2, 11, 2, NULL),
(51, 'Le trésor de Rackham le rouge', 1944, 2, 12, 5, NULL),
(52, 'Les 7 boules de cristal', 1948, 2, 13, 4, NULL),
(53, 'Le temple du soleil', 1949, 2, 14, 1, NULL),
(54, 'Tintin au pays de l\'or noir', 1950, 2, 15, 1, NULL),
(55, 'Objectif Lune', 1953, 2, 16, 2, NULL),
(56, 'On a marché sur la Lune', 1954, 2, 17, 2, NULL),
(57, 'L\'affaire Tournesol', 1956, 2, 18, 3, NULL),
(58, 'Coke en stock', 1958, 2, 19, 1, NULL),
(59, 'Tintin au Tibet', 1960, 2, 20, 4, NULL),
(60, 'Les bijoux de la Castafiore', 1963, 2, 21, 2, NULL),
(61, 'Vol 714 pour Sydney', 1968, 2, 22, 5, NULL),
(62, 'Tintin et les Picaros', 1976, 2, 23, 2, NULL),
(63, 'La magicienne trahie', 1980, 3, 1, 1, NULL),
(64, 'L\'île des mers gelées', 1980, 3, 2, 2, NULL),
(65, 'Les trois vieillards du pays d\'Aran', 1981, 3, 3, 1, NULL),
(66, 'La galère noire', 1982, 3, 4, 2, NULL),
(67, 'Au-delà des ombres', 1983, 3, 5, 2, NULL),
(68, 'La chute de Brek Zarith', 1984, 3, 6, 5, NULL),
(69, 'L\'enfant des étoiles', 1984, 3, 7, 4, NULL),
(70, 'Alinoë', 1985, 3, 8, 1, NULL),
(71, 'Les archers', 1985, 3, 9, 1, NULL),
(72, 'Le pays Qâ', 1986, 3, 10, 2, NULL),
(73, 'Les yeux de Tanatloc', 1986, 3, 11, 2, NULL),
(74, 'La cité du dieu perdu', 1987, 3, 12, 4, NULL),
(75, 'Entre terre et lumière', 1988, 3, 13, 1, NULL),
(76, 'Aaricia', 1989, 3, 14, 1, NULL),
(77, 'Le maître des montagnes', 1989, 3, 15, 2, NULL),
(78, 'Louve', 1990, 3, 16, 2, NULL),
(79, 'La gardienne des clés', 1991, 3, 17, 3, NULL),
(80, 'L\'épée-soleil', 1992, 3, 18, 1, NULL),
(81, 'La forteresse invisible', 1993, 3, 19, 4, NULL),
(82, 'La marque des bannis', 1995, 3, 20, 2, NULL),
(83, 'La couronne d\'Ogotaï', 1995, 3, 21, 5, NULL),
(84, 'Géants', 1996, 3, 22, 2, NULL),
(85, 'La cage', 1997, 3, 23, 1, NULL),
(86, 'Arachnéa', 1999, 3, 24, 1, NULL),
(87, 'Le mal bleu', 1999, 3, 25, 2, NULL),
(88, 'Le royaume sous le sable', 2001, 3, 26, 1, NULL),
(89, 'Le barbare', 2002, 3, 27, 2, NULL),
(90, 'Kriss de Valnor', 2004, 3, 28, 2, NULL),
(91, 'Le sacrifice', 2006, 3, 29, 5, NULL),
(92, 'Moi, Jolan', 2007, 3, 30, 4, NULL),
(93, 'Le bouclier de Thor', 2008, 3, 31, 1, NULL),
(94, 'La bataille d\'Asgard', 2010, 3, 32, 1, NULL),
(95, 'Le bateau-sabre', 2011, 3, 33, 2, NULL),
(96, 'Kah-Aniel', 2013, 3, 34, 2, NULL),
(97, 'Le feu écarlate', 2016, 3, 35, 4, NULL),
(98, 'Aniel', 2018, 3, 36, 1, NULL),
(99, 'L\'ermite de Skellingar', 2019, 3, 37, 1, NULL),
(100, 'La selkie', 2020, 3, 38, 2, NULL),
(101, 'Neokóra', 2021, 3, 39, 2, NULL),
(102, 'Tupilaks', 2022, 3, 40, 3, NULL),
(103, 'Fort Navajo', 1965, 4, 1, 2, NULL),
(104, 'Tonnerre à l\'ouest', 1966, 4, 2, 5, NULL),
(105, 'L\'aigle solitaire', 1967, 4, 3, 4, NULL),
(106, 'Le cavalier perdu', 1968, 4, 4, 1, NULL),
(107, 'La piste des navajos', 1969, 4, 5, 1, NULL),
(108, 'L\'homme à l\'étoile d\'argent', 1969, 4, 6, 2, NULL),
(109, 'Le cheval de fer', 1970, 4, 7, 2, NULL),
(110, 'L\'homme au poing d\'acier', 1970, 4, 8, 4, NULL),
(111, 'La piste des sioux', 1971, 4, 9, 1, NULL),
(112, 'Général \"Tête Jaune\"', 1971, 4, 10, 1, NULL),
(113, 'La mine de l\'allemand perdu', 1972, 4, 11, 2, NULL),
(114, 'Le spectre aux balles d\'or', 1972, 4, 12, 2, NULL),
(115, 'Chihuahua Pearl', 1973, 4, 13, 3, NULL),
(116, 'L\'homme qui valait 500 000 $', 1973, 4, 14, 1, NULL),
(117, 'Ballade pour un cercueil', 1974, 4, 15, 4, NULL),
(118, 'Le hors la loi', 1974, 4, 16, 2, NULL),
(119, 'Angel Face', 1975, 4, 17, 5, NULL),
(120, 'Nez cassé', 1980, 4, 18, 2, NULL),
(121, 'La longue marche', 1980, 4, 19, 1, NULL),
(122, 'La tribu fantôme', 1982, 4, 20, 1, NULL),
(123, 'La dernière carte', 1983, 4, 21, 2, NULL),
(124, 'Le bout de la piste', 1986, 4, 22, 1, NULL),
(125, 'Arizona Love', 1990, 4, 23, 2, NULL),
(126, 'Mister Blueberry', 1995, 4, 24, 2, NULL),
(127, 'Ombres sur Tombstone', 1997, 4, 25, 5, NULL),
(128, 'Geronimo l\'apache', 1999, 4, 26, 4, NULL),
(129, 'OK Corral', 2003, 4, 27, 1, NULL),
(130, 'Dust', 2005, 4, 28, 1, NULL),
(131, 'Les chiens meurent en hiver', 1981, 5, 1, 1, NULL),
(132, 'Les forces de la colère', 1982, 5, 2, 1, NULL),
(133, 'Piège pour un tueur', 1983, 5, 3, 2, NULL),
(134, '\"Amos\"', 1984, 5, 4, 2, NULL),
(135, 'Sierra sauvage', 1985, 5, 5, 4, NULL),
(136, 'Le destin d\'un desperado', 1986, 5, 6, 1, NULL),
(137, '\"Loneville\"', 1987, 5, 7, 1, NULL),
(138, 'Une raison pour mourir', 1988, 5, 8, 2, NULL),
(139, 'L\'or de Duncan', 1990, 5, 9, 2, NULL),
(140, 'La proie des chacals', 1991, 5, 10, 3, NULL),
(141, 'Colorado', 1992, 5, 11, 1, NULL),
(142, 'L\'héritière', 1994, 5, 12, 4, NULL),
(143, 'Sans pitié', 1998, 5, 13, 2, NULL),
(144, 'Un pas vers l\'enfer', 2006, 5, 14, 5, NULL),
(145, 'El Cobra', 2008, 5, 15, 2, NULL),
(146, 'Le crépuscule du vautour', 2012, 5, 16, 1, NULL),
(147, 'Jessie', 2016, 5, 17, 1, NULL),
(148, 'L\'otage', 2021, 5, 18, 2, NULL),
(149, 'Les origines', 2004, 6, 1, 1, NULL),
(150, '60 av JC - 212', 2005, 6, 2, 1, NULL),
(151, 'Des gallo-romains aux barbares', 2012, 6, 3, 3, NULL),
(152, 'Les Mérovingiens de Clovis à Pépin de Bref', 2014, 6, 4, 1, NULL),
(153, 'Les Carolingiens de Pépin le Bref à Hugues Capet', 2014, 6, 5, 1, NULL),
(154, 'Les Capétiens : du Roi des Francs au Roi de France', 2017, 6, 6, 2, NULL),
(155, '1214 - 1468', 2020, 6, 7, 2, NULL),
(156, 'L\'ivoire du Magohamoth', 1994, 7, 1, 1, NULL),
(157, 'Thanos l\'incongru', 1995, 7, 2, 1, NULL),
(158, 'Castel Or-Azur', 1996, 7, 3, 1, NULL),
(159, 'Le paladin d\'Eckmül', 1996, 7, 4, 1, NULL),
(160, 'Le frisson de l\'haruspice', 1997, 7, 5, 1, NULL),
(161, 'Cixi impératrice', 1998, 7, 6, 1, NULL),
(162, 'Les pétaures se cachent pour mourir', 1999, 7, 7, 1, NULL),
(163, 'La bête fabuleuse', 2000, 7, 8, 1, NULL),
(164, 'La forêt noiseuse', 2021, 7, 9, 1, NULL),
(165, 'Cicatrices', 2006, 8, 1, 1, NULL),
(166, 'Ruptures', 2007, 8, 2, 1, NULL),
(167, 'Nomades', 2009, 8, 3, 2, NULL),
(168, 'Ravages', 2010, 8, 4, 2, NULL),
(169, 'Justice', 2012, 8, 5, 3, NULL),
(170, 'Résistance', 2015, 8, 6, 1, NULL),
(171, 'Implosion', 2017, 8, 7, 4, NULL),
(172, 'Contacts', 2019, 8, 8, 2, NULL),
(173, 'Volume 1', 2022, 9, 1, 1, NULL),
(174, 'Volume 2', 2022, 9, 2, 1, NULL),
(175, 'Volume 3', 2022, 9, 3, 2, NULL),
(176, 'Volume 4', 2022, 9, 4, 1, NULL),
(177, 'Volume 5', 2022, 9, 5, 2, NULL),
(178, 'Volume 6', 2023, 9, 6, 1, NULL),
(179, 'Volume 7', 2023, 9, 7, 2, NULL),
(180, 'Volume 8', 2023, 9, 8, 2, NULL),
(181, 'Un chariot dans l\'ouest', 1972, 10, 1, 1, NULL),
(182, 'Du nord au sud', 1972, 10, 2, 1, NULL),
(183, 'Et pour quinze cents dollars en plus', 1973, 10, 3, 2, NULL),
(184, 'Outlaw', 1973, 10, 4, 1, NULL),
(185, 'Les déserteurs', 1974, 10, 5, 2, NULL),
(186, 'La prison de Robertsonville', 1975, 10, 6, 1, NULL),
(187, 'Les bleus de la marine', 1975, 10, 7, 2, NULL),
(188, 'Les cavaliers du ciel', 1976, 10, 8, 2, NULL),
(189, 'La grande patrouille', 1976, 10, 9, 1, NULL),
(190, 'Des bleus et des tuniques', 1976, 10, 10, 2, NULL),
(191, 'Des bleus en noir et blanc', 1977, 10, 11, 1, NULL),
(192, 'Les bleus tournent cosaques', 1977, 10, 12, 2, NULL),
(193, 'Les bleus dans la gadoue', 1978, 10, 13, 2, NULL),
(194, 'Le blanc-bec', 1979, 10, 14, 1, NULL),
(195, 'Rumberley', 1979, 10, 15, 2, NULL),
(196, 'Bronco Benny', 1980, 10, 16, 1, NULL),
(197, 'El Padre', 1981, 10, 17, 2, NULL),
(198, 'Blue Retro', 1981, 10, 18, 2, NULL),
(199, 'Le David', 1982, 10, 19, 1, NULL),
(200, 'Black Face', 1983, 10, 20, 2, NULL),
(201, 'Les cinq salopards', 1984, 10, 21, 1, NULL),
(202, 'Des bleus et des dentelles', 1985, 10, 22, 2, NULL),
(203, 'Les cousins d\'en face', 1985, 10, 23, 2, NULL),
(204, 'Baby blue', 1986, 10, 24, 1, NULL),
(205, 'Des bleus et des bosses', 1986, 10, 25, 2, NULL),
(206, 'L\'or du Québec', 1987, 10, 26, 1, NULL),
(207, 'Bull Run', 1987, 10, 27, 2, NULL),
(208, 'Les bleus de la balle', 1988, 10, 28, 2, NULL),
(209, 'En avant l\'amnésique !', 1989, 10, 29, 1, NULL),
(210, 'La rose de Bantry', 1989, 10, 30, 2, NULL),
(211, 'Drummer Boy', 1990, 10, 31, 1, NULL),
(212, 'Les bleus en folie', 1991, 10, 32, 2, NULL),
(213, 'Grumbler et fils', 1992, 10, 33, 2, NULL),
(214, 'Vertes années', 1992, 10, 34, 1, NULL),
(215, 'Captain Nepel', 1993, 10, 35, 2, NULL),
(216, 'Quantrill', 1994, 10, 36, 1, NULL),
(217, 'Duel dans la Manche', 1995, 10, 37, 2, NULL),
(218, 'Les planqués', 1996, 10, 38, 2, NULL),
(219, 'Puppet blues', 1997, 10, 39, 1, NULL),
(220, 'Les hommes de paille', 1998, 10, 40, 2, NULL),
(221, 'Les bleus en cavale', 1998, 10, 41, 1, NULL),
(222, 'Qui veut la peau du Général ?', 1999, 10, 42, 2, NULL),
(223, 'Des bleus et du blues', 2000, 10, 43, 1, NULL),
(224, 'L\'oreille de Lincoln', 2001, 10, 44, 2, NULL),
(225, 'Emeutes à New York', 2002, 10, 45, 1, NULL),
(226, 'Requiem pour un bleu', 2003, 10, 46, 2, NULL),
(227, 'Les Nancy Hart', 2004, 10, 47, 2, NULL),
(228, 'Arabesque', 2005, 10, 48, 1, NULL),
(229, 'Mariage à Fort Bow', 2005, 10, 49, 2, NULL),
(230, 'La traque', 2006, 10, 50, 1, NULL),
(231, 'Stark sous toutes les coutures', 2007, 10, 51, 2, NULL),
(232, 'Des bleus dans le brouillard', 2008, 10, 52, 2, NULL),
(233, 'Sang bleu chez les bleus', 2009, 10, 53, 1, NULL),
(234, 'Miss Walker', 2010, 10, 54, 2, NULL),
(235, 'Indien, mon frère', 2011, 10, 55, 1, NULL),
(236, 'Dent pour dent', 2012, 10, 56, 2, NULL),
(237, 'Colorado story', 2013, 10, 57, 2, NULL),
(238, 'Les bleus se mettent au vert', 2014, 10, 58, 2, NULL),
(239, 'Les quatre évangélistes', 2015, 10, 59, 1, NULL),
(240, 'Carte blanche pour un bleu', 2016, 10, 60, 2, NULL),
(241, 'L\'étrange soldat Franklin', 2017, 10, 61, 1, NULL),
(242, 'Sallie', 2018, 10, 62, 2, NULL),
(243, 'La bataille du Cratère', 2019, 10, 63, 2, NULL),
(244, 'Le châtiment de Basenhau', 1954, 11, 1, 1, NULL),
(245, 'Le maître de Roucybeuf', 1954, 11, 2, 2, NULL),
(246, 'Le lutin du bois aux roches', 1955, 11, 3, 1, NULL),
(247, 'La pierre de lune', 1956, 11, 4, 2, NULL),
(248, 'Le serment des vikings', 1957, 11, 5, 1, NULL),
(249, 'La source des dieux', 1958, 11, 6, 2, NULL),
(250, 'La flèche noire', 1959, 11, 7, 2, NULL),
(251, 'Le sire de Montrésor', 1960, 11, 8, 1, NULL),
(252, 'La flûte à six schtroumpfs', 1960, 11, 9, 2, NULL),
(253, 'La guerre des 7 fontaines', 1961, 11, 10, 1, NULL),
(254, 'L\'anneau des Castellac', 1962, 11, 11, 3, NULL),
(255, 'Le pays maudit', 1964, 11, 12, 2, NULL),
(256, 'Le sortilège de Maltrochu', 1970, 11, 13, 4, NULL),
(257, 'Le jour du soleil noir', 1984, 12, 1, 1, NULL),
(258, 'Là où va l\'indien...', 1985, 12, 2, 1, NULL),
(259, 'Toutes les larmes de l\'enfer', 1986, 12, 3, 2, NULL),
(260, 'SPADS', 1987, 12, 4, 1, NULL),
(261, 'Rouge total', 1988, 12, 5, 3, NULL),
(262, 'Le dossier Jason Fly', 1990, 12, 6, 2, NULL),
(263, 'La nuit du 3 août', 1990, 12, 7, 1, NULL),
(264, 'Treize contre Un', 1991, 12, 8, 1, NULL),
(265, 'Pour Maria', 1992, 12, 9, 3, NULL),
(266, 'El Cascador', 1994, 12, 10, 4, NULL),
(267, 'Trois montres d\'argent', 1995, 12, 11, 2, NULL),
(268, 'Le jugement', 1997, 12, 12, 1, NULL),
(269, 'The XIII mystery - L\'enquête', 1999, 12, 13, 5, NULL),
(270, 'L\'enquête - Deuxième partie', 2018, 12, 13, 1, NULL),
(271, 'Secret défense', 2000, 12, 14, 1, NULL),
(272, 'Lâchez les chiens !', 2002, 12, 15, 1, NULL),
(273, 'Opération Montecristo', 2004, 12, 16, 1, NULL),
(274, 'L\'or de Maximilien', 2005, 12, 17, 2, NULL),
(275, 'La version irlandaise', 2007, 12, 18, 2, NULL),
(276, 'Le dernier round', 2007, 12, 19, 1, NULL),
(277, 'Le jour du Mayflower', 2011, 12, 20, 3, NULL),
(278, 'L\'appât', 2012, 12, 21, 3, NULL),
(279, 'Retour à Greenfalls', 2013, 12, 22, 1, NULL),
(280, 'Le message du martyr', 2014, 12, 23, 1, NULL),
(281, 'L\'héritage de Jason Mac Lane', 2016, 12, 24, 1, NULL),
(282, 'The XIII history', 2019, 12, 25, 2, NULL),
(283, '2132 mètres', 2019, 12, 26, 1, NULL),
(284, 'Mémoire rechargée', 2020, 12, 27, 4, NULL),
(285, 'Cuba, où tout a commencé', 2022, 12, 28, 1, NULL),
(286, 'L\'héritier', 1990, 13, 1, 1, NULL),
(287, 'Le Groupe W', 1991, 13, 2, 3, NULL),
(288, 'O.P.A.', 1992, 13, 3, 4, NULL),
(289, 'Business Blues', 1993, 13, 4, 2, NULL),
(290, 'H', 1994, 13, 5, 1, NULL),
(291, 'Dutch connection', 1995, 13, 6, 5, NULL),
(292, 'La forteresse de Makiling', 1996, 13, 7, 1, NULL),
(293, 'L\'heure du tigre', 1997, 13, 8, 1, NULL),
(294, 'Voir Venise ...', 1998, 13, 9, 1, NULL),
(295, '... Et mourir', 1999, 13, 10, 1, NULL),
(296, 'Golden Gate', 2000, 13, 11, 1, NULL),
(297, 'Shadow', 2002, 13, 12, 5, NULL),
(298, 'Le prix de l\'argent', 2004, 13, 13, 1, NULL),
(299, 'La loi du Dollar', 2005, 13, 14, 1, NULL),
(300, 'Les trois yeux des gardiens du Tao', 2007, 13, 15, 1, NULL),
(301, 'La voie et la vertu', 2008, 13, 16, 1, NULL),
(302, 'Mer noire', 2010, 13, 17, 2, NULL),
(303, 'Colère rouge', 2012, 13, 18, 2, NULL),
(304, 'Chassé-croisé', 2014, 13, 19, 1, NULL),
(305, '20 secondes', 2015, 13, 20, 3, NULL),
(306, 'L\'étoile du matin', 2017, 13, 21, 3, NULL),
(307, 'Les voiles écarlates', 2019, 13, 22, 1, NULL),
(308, 'La frontière de la nuit', 2021, 13, 23, 1, NULL),
(309, 'Un ange trépasse', 1987, 14, 1, 1, NULL),
(310, 'Lettres à Satan', 1988, 14, 2, 2, NULL),
(311, 'Tu ne buteras point', 1991, 14, 3, 1, NULL),
(312, 'Dieu est mort ce soir', 1993, 14, 4, 2, NULL),
(313, 'Fureur chez les saints', 1993, 14, 5, 1, NULL),
(314, 'Confession express', 1994, 14, 6, 2, NULL),
(315, 'Lève-toi et meurs', 1995, 14, 7, 2, NULL),
(316, 'Tuez en paix', 1996, 14, 8, 1, NULL),
(317, 'Et délivre-nous du mal', 1997, 14, 9, 2, NULL),
(318, 'Dieu seul le sait', 1999, 14, 10, 1, NULL),
(319, 'Prières et balistique', 2001, 14, 11, 3, NULL),
(320, 'Code Apocalypse', 2005, 14, 12, 2, NULL),
(321, 'La mission', 2001, 15, 1, 2, NULL),
(322, 'La trahison', 2002, 15, 2, 1, NULL),
(323, 'Le contrat', 2003, 15, 3, 3, NULL),
(324, 'Le survivant', 2004, 15, 4, 1, NULL),
(325, 'La vengeance', 2006, 15, 5, 1, NULL),
(326, 'L\'otage', 2007, 15, 6, 2, NULL),
(327, 'La lance de Longinus', 2008, 15, 7, 1, NULL),
(328, 'La nuit des aigles', 2009, 15, 8, 1, NULL),
(329, 'Son altesse Honesty', 2010, 15, 9, 2, NULL),
(330, 'La rançon', 2011, 15, 10, 1, NULL),
(331, 'Cent millions de pesos', 2013, 15, 11, 3, NULL),
(332, 'No Return', 2014, 15, 12, 2, NULL),
(333, 'Vendetta', 2017, 15, 13, 3, NULL),
(334, 'Dieu, le sexe et les bretelles', 1993, 16, 1, 1, NULL),
(335, 'L\'Amour, c\'est pô propre ...', 1993, 16, 2, 1, NULL),
(336, 'ça épate les filles ...', 1994, 16, 3, 1, NULL),
(337, 'C\'est pô juste ...', 1995, 16, 4, 2, NULL),
(338, 'Et le derrière des choses', 1996, 16, 5, 1, NULL),
(339, 'Tchô, monde cruel', 1997, 16, 6, 1, NULL),
(340, 'Le miracle de la vie', 1998, 16, 7, 1, NULL),
(341, 'Lâchez-moi le slip !', 2000, 16, 8, 1, NULL),
(342, 'La loi du préau', 2002, 16, 9, 1, NULL),
(343, 'Nadia se marie', 2004, 16, 10, 1, NULL),
(344, 'Mes meilleurs copains', 2006, 16, 11, 1, NULL),
(345, 'Le sens de la vie', 2008, 16, 12, 3, NULL),
(346, 'à la folie !', 2012, 16, 13, 1, NULL),
(347, 'Bienvenue en adolescence !', 2015, 16, 14, 1, NULL),
(348, 'A fond le slip !', 2017, 16, 15, 1, NULL),
(349, 'Petite poésie des saisons', 2019, 16, 16, 1, NULL),
(350, 'La grande aventure', 2021, 16, 17, 2, NULL),
(351, 'L\'enfant loup', 2003, 17, 1, 1, NULL),
(352, 'Les forêts profondes', 2004, 17, 2, 2, NULL),
(353, 'La grande battue', 2006, 17, 3, 5, NULL),
(354, 'Le maître des songes', 2008, 17, 4, 2, NULL),
(355, 'Hauteterres', 2011, 17, 5, 4, NULL),
(356, 'Le secret des Eïles', 2012, 17, 6, 2, NULL),
(357, 'Neiges', 2019, 17, 7, 2, NULL),
(358, 'De mains de femmes', 2020, 17, 8, 3, NULL),
(359, 'Renouveau', 2021, 17, 9, 2, NULL),
(360, 'Révolutions', 2022, 17, 10, 1, NULL),
(361, 'Le chasseur', 1994, 18, 1, 2, NULL),
(362, 'La lettre de l\'inquisiteur', 1995, 18, 2, 1, NULL),
(363, 'Pleine lune', 1996, 18, 3, 3, NULL),
(364, 'Le journal de Maximilien', 1999, 18, 4, 2, NULL),
(365, 'Elise', 2000, 18, 5, 1, NULL),
(366, 'Retour à Ruhenberg', 2001, 18, 6, 1, NULL),
(367, 'La première mort', 2015, 18, 7, 2, NULL),
(368, 'Anna', 2018, 18, 8, 1, NULL),
(369, 'Arkanéa', 2019, 18, 9, 1, NULL),
(370, 'Le trépassé de Kermellec', 1994, 19, 1, 1, NULL),
(371, 'Le rocher du crâne', 1995, 19, 2, 2, NULL),
(372, 'Tempête sur Brest', 1997, 19, 3, 1, NULL),
(373, 'Captives à bord', 1999, 19, 4, 2, NULL),
(374, 'Le trésor de Mahury', 2001, 19, 5, 3, NULL),
(375, 'Les larmes de Tlaloc', 2005, 19, 6, 2, NULL),
(376, 'La mission', 2009, 19, 7, 4, NULL),
(377, 'Corsaire du Roy', 2012, 19, 8, 3, NULL),
(378, 'Coulez la Méduse !', 2015, 19, 9, 2, NULL),
(379, 'La princesse indienne', 2020, 19, 10, 1, NULL),
(380, 'La blanche morte', 1983, 20, 1, 2, NULL),
(381, 'Le temps des chiens', 1984, 20, 2, 2, NULL),
(382, 'L\'arbre de mai', 1986, 20, 3, 3, NULL),
(383, 'Hyronimus', 1988, 20, 4, 2, NULL),
(384, 'Le maître des oiseaux', 1989, 20, 5, 3, NULL),
(385, 'La part du diable', 1990, 20, 6, 2, NULL),
(386, 'La marque du Condor', 1991, 20, 7, 4, NULL),
(387, 'La folle et l\'assassin', 2014, 20, 8, 3, NULL),
(388, 'L\'oiseau-tonnerre', 2014, 20, 9, 2, NULL),
(389, 'Beau-ténébreux', 2014, 20, 10, 1, NULL),
(390, 'Ni dieu ni diable', 2014, 20, 11, 2, NULL),
(391, 'Quinze ans après', 2014, 20, 12, 2, NULL),
(392, '... Qu\'est-ce que ce monde', 2021, 20, 13, 1, NULL),
(393, 'Le fils d\'Ariane', 2022, 20, 14, 3, NULL),
(394, 'L\'or de la mort', 1998, 21, 1, 2, NULL),
(395, 'Jehanne de France', 1998, 21, 2, 3, NULL),
(396, 'Les écorcheurs', 1984, 21, 3, 1, NULL),
(397, 'Barbe-Bleue', 1984, 21, 4, 2, NULL),
(398, 'La cathédrale', 1985, 21, 5, 1, NULL),
(399, 'Le lys et l\'ogre', 1986, 21, 6, 5, NULL),
(400, 'L\'alchimiste', 1989, 21, 7, 2, NULL),
(401, 'Le secret des templiers', 1990, 21, 8, 1, NULL),
(402, 'L\'archange', 2000, 21, 9, 2, NULL);

-- --------------------------------------------------------
--
-- Déchargement des données de la table `est_auteur_de`
--

INSERT INTO `est_auteur_de` (`auteur`, `bd`) VALUES
(1, 1),
(1, 2),
(1, 3),
(1, 4),
(1, 5),
(1, 6),
(1, 7),
(1, 8),
(1, 9),
(1, 10),
(1, 11),
(1, 12),
(1, 13),
(1, 14),
(1, 15),
(1, 16),
(1, 17),
(1, 18),
(1, 19),
(1, 20),
(1, 21),
(1, 22),
(1, 23),
(1, 24),
(1, 32),
(1, 34),
(2, 1),
(2, 2),
(2, 3),
(2, 4),
(2, 5),
(2, 6),
(2, 7),
(2, 8),
(2, 9),
(2, 10),
(2, 11),
(2, 12),
(2, 13),
(2, 14),
(2, 15),
(2, 16),
(2, 17),
(2, 18),
(2, 19),
(2, 20),
(2, 21),
(2, 22),
(2, 23),
(2, 24),
(2, 25),
(2, 26),
(2, 27),
(2, 28),
(2, 29),
(2, 30),
(2, 31),
(2, 32),
(2, 33),
(2, 34),
(3, 40),
(3, 41),
(3, 42),
(3, 43),
(3, 44),
(3, 45),
(3, 46),
(3, 47),
(3, 48),
(3, 49),
(3, 50),
(3, 51),
(3, 52),
(3, 53),
(3, 54),
(3, 55),
(3, 56),
(3, 57),
(3, 58),
(3, 59),
(3, 60),
(3, 61),
(3, 62),
(4, 394),
(4, 395),
(4, 396),
(4, 397),
(4, 398),
(4, 399),
(4, 400),
(4, 401),
(4, 402),
(5, 103),
(5, 104),
(5, 105),
(5, 106),
(5, 107),
(5, 108),
(5, 109),
(5, 110),
(5, 111),
(5, 112),
(5, 113),
(5, 114),
(5, 115),
(5, 116),
(5, 117),
(5, 118),
(5, 119),
(5, 120),
(5, 121),
(5, 122),
(5, 123),
(5, 124),
(5, 125),
(6, 103),
(6, 104),
(6, 105),
(6, 106),
(6, 107),
(6, 108),
(6, 109),
(6, 110),
(6, 111),
(6, 112),
(6, 113),
(6, 114),
(6, 115),
(6, 116),
(6, 117),
(6, 118),
(6, 119),
(6, 120),
(6, 121),
(6, 122),
(6, 123),
(6, 124),
(6, 125),
(6, 126),
(6, 127),
(6, 128),
(6, 129),
(6, 130),
(6, 275),
(7, 63),
(7, 64),
(7, 65),
(7, 66),
(7, 67),
(7, 68),
(7, 69),
(7, 70),
(7, 71),
(7, 72),
(7, 73),
(7, 74),
(7, 75),
(7, 76),
(7, 77),
(7, 78),
(7, 79),
(7, 80),
(7, 81),
(7, 82),
(7, 83),
(7, 84),
(7, 85),
(7, 86),
(7, 87),
(7, 88),
(7, 89),
(7, 90),
(7, 91),
(7, 92),
(7, 93),
(7, 94),
(7, 95),
(7, 96),
(7, 97),
(7, 98),
(8, 63),
(8, 64),
(8, 65),
(8, 66),
(8, 67),
(8, 68),
(8, 69),
(8, 70),
(8, 71),
(8, 72),
(8, 73),
(8, 74),
(8, 75),
(8, 76),
(8, 77),
(8, 78),
(8, 79),
(8, 80),
(8, 81),
(8, 82),
(8, 83),
(8, 84),
(8, 85),
(8, 86),
(8, 87),
(8, 88),
(8, 89),
(8, 90),
(8, 91),
(8, 257),
(8, 258),
(8, 259),
(8, 260),
(8, 261),
(8, 262),
(8, 263),
(8, 264),
(8, 265),
(8, 266),
(8, 267),
(8, 268),
(8, 269),
(8, 270),
(8, 271),
(8, 272),
(8, 273),
(8, 274),
(8, 275),
(8, 276),
(8, 286),
(8, 287),
(8, 288),
(8, 289),
(8, 290),
(8, 291),
(8, 292),
(8, 293),
(8, 294),
(8, 295),
(8, 296),
(8, 297),
(8, 298),
(8, 299),
(8, 300),
(8, 301),
(8, 302),
(8, 303),
(8, 304),
(8, 305),
(8, 321),
(8, 322),
(8, 329),
(8, 330),
(8, 331),
(8, 332),
(8, 333),
(9, 257),
(9, 258),
(9, 259),
(9, 260),
(9, 261),
(9, 262),
(9, 263),
(9, 264),
(9, 265),
(9, 266),
(9, 267),
(9, 268),
(9, 269),
(9, 270),
(9, 271),
(9, 272),
(9, 273),
(9, 274),
(9, 276),
(11, 334),
(11, 335),
(11, 336),
(11, 337),
(11, 338),
(11, 339),
(11, 340),
(11, 341),
(11, 342),
(11, 343),
(11, 344),
(11, 345),
(11, 346),
(11, 347),
(11, 348),
(11, 349),
(11, 350),
(12, 286),
(12, 287),
(12, 288),
(12, 289),
(12, 290),
(12, 291),
(12, 292),
(12, 293),
(12, 294),
(12, 295),
(12, 296),
(12, 297),
(12, 298),
(12, 299),
(12, 300),
(12, 301),
(12, 302),
(12, 303),
(12, 304),
(12, 305),
(12, 306),
(12, 307),
(12, 308),
(13, 309),
(13, 310),
(13, 311),
(13, 312),
(13, 313),
(13, 314),
(13, 315),
(13, 316),
(13, 317),
(13, 318),
(13, 319),
(13, 320),
(14, 311),
(14, 312),
(14, 313),
(14, 314),
(14, 315),
(14, 316),
(14, 317),
(14, 318),
(14, 319),
(14, 320),
(15, 185),
(15, 186),
(15, 187),
(15, 188),
(15, 189),
(15, 190),
(15, 191),
(15, 192),
(15, 193),
(15, 194),
(15, 195),
(15, 196),
(15, 197),
(15, 198),
(15, 199),
(15, 200),
(15, 201),
(15, 202),
(15, 203),
(15, 204),
(15, 205),
(15, 206),
(15, 207),
(15, 208),
(15, 209),
(15, 210),
(15, 211),
(15, 212),
(15, 213),
(15, 214),
(15, 215),
(15, 216),
(15, 217),
(15, 218),
(15, 219),
(15, 220),
(15, 221),
(15, 222),
(15, 223),
(15, 224),
(15, 225),
(15, 226),
(15, 227),
(15, 228),
(15, 229),
(15, 230),
(15, 231),
(15, 232),
(15, 233),
(15, 234),
(15, 235),
(15, 236),
(15, 237),
(15, 238),
(15, 239),
(15, 240),
(15, 241),
(15, 242),
(15, 243),
(16, 181),
(16, 182),
(16, 183),
(16, 184),
(16, 185),
(16, 186),
(16, 187),
(16, 188),
(16, 189),
(16, 190),
(16, 191),
(16, 192),
(16, 193),
(16, 194),
(16, 195),
(16, 196),
(16, 197),
(16, 198),
(16, 199),
(16, 200),
(16, 201),
(16, 202),
(16, 203),
(16, 204),
(16, 205),
(16, 206),
(16, 207),
(16, 208),
(16, 209),
(16, 210),
(16, 211),
(16, 212),
(16, 213),
(16, 214),
(16, 215),
(16, 216),
(16, 217),
(16, 218),
(16, 219),
(16, 220),
(16, 221),
(16, 222),
(16, 223),
(16, 224),
(16, 225),
(16, 226),
(16, 227),
(16, 228),
(16, 229),
(16, 230),
(16, 231),
(16, 232),
(16, 233),
(16, 234),
(16, 235),
(16, 236),
(16, 237),
(16, 238),
(16, 239),
(16, 240),
(16, 241),
(16, 242),
(16, 243),
(17, 309),
(17, 310),
(19, 173),
(19, 174),
(19, 175),
(19, 176),
(19, 177),
(19, 178),
(19, 179),
(19, 180),
(20, 173),
(20, 174),
(20, 175),
(20, 176),
(20, 177),
(20, 178),
(20, 179),
(20, 180),
(21, 321),
(21, 322),
(21, 323),
(21, 324),
(21, 325),
(21, 326),
(21, 327),
(21, 328),
(21, 329),
(21, 330),
(21, 331),
(21, 332),
(21, 333),
(23, 35),
(23, 36),
(23, 37),
(23, 38),
(23, 39),
(24, 35),
(24, 36),
(24, 37),
(24, 38),
(24, 39),
(25, 92),
(25, 93),
(25, 94),
(25, 95),
(25, 96),
(25, 277),
(25, 278),
(25, 279),
(25, 280),
(25, 281),
(25, 282),
(25, 283),
(25, 284),
(25, 285),
(26, 97),
(27, 98),
(27, 99),
(27, 100),
(27, 101),
(27, 102),
(28, 99),
(28, 100),
(28, 101),
(28, 102),
(29, 131),
(29, 132),
(29, 133),
(29, 134),
(29, 135),
(29, 136),
(29, 137),
(29, 138),
(29, 139),
(29, 140),
(29, 141),
(29, 142),
(29, 143),
(29, 144),
(29, 145),
(29, 146),
(29, 147),
(29, 148),
(29, 351),
(29, 352),
(29, 353),
(29, 354),
(29, 355),
(29, 356),
(29, 361),
(29, 362),
(29, 363),
(29, 364),
(29, 365),
(29, 366),
(29, 367),
(29, 368),
(29, 369),
(30, 144),
(30, 145),
(30, 146),
(31, 147),
(31, 148),
(32, 149),
(32, 150),
(32, 151),
(32, 152),
(32, 153),
(32, 154),
(32, 155),
(33, 394),
(33, 395),
(33, 396),
(33, 397),
(33, 398),
(33, 399),
(33, 400),
(33, 401),
(33, 402),
(34, 156),
(34, 157),
(34, 158),
(34, 159),
(34, 160),
(34, 161),
(34, 162),
(34, 163),
(34, 164),
(35, 156),
(35, 157),
(35, 158),
(35, 159),
(35, 160),
(35, 161),
(35, 162),
(35, 163),
(35, 164),
(36, 165),
(36, 166),
(36, 167),
(36, 168),
(36, 169),
(36, 170),
(36, 171),
(36, 172),
(37, 165),
(37, 166),
(37, 167),
(37, 168),
(37, 169),
(37, 170),
(37, 171),
(37, 172),
(38, 181),
(38, 182),
(38, 183),
(38, 184),
(39, 244),
(39, 245),
(39, 246),
(39, 247),
(39, 248),
(39, 249),
(39, 250),
(39, 251),
(39, 252),
(39, 253),
(39, 254),
(39, 255),
(39, 256),
(40, 277),
(40, 278),
(40, 279),
(40, 280),
(40, 281),
(40, 282),
(40, 283),
(40, 284),
(40, 285),
(41, 306),
(41, 307),
(41, 308),
(42, 323),
(42, 324),
(42, 325),
(42, 326),
(42, 327),
(42, 328),
(43, 357),
(43, 358),
(43, 359),
(43, 360),
(44, 357),
(44, 358),
(44, 359),
(44, 360),
(45, 368),
(45, 369),
(46, 370),
(46, 371),
(46, 372),
(46, 373),
(46, 374),
(46, 375),
(46, 376),
(46, 377),
(46, 378),
(46, 379),
(47, 380),
(47, 381),
(47, 382),
(47, 383),
(47, 384),
(47, 385),
(47, 386),
(47, 387),
(47, 388),
(47, 389),
(47, 390),
(47, 391),
(47, 392),
(47, 393),
(48, 380),
(48, 381),
(48, 382),
(48, 383),
(48, 384),
(48, 385),
(48, 386),
(48, 387),
(48, 388),
(48, 389),
(48, 390),
(48, 391),
(48, 392),
(49, 393);

-- --------------------------------------------------------
